date_id,date,year,month,day,quarter,week,is_holiday
1,2019-01-01,2019,1,1,1,0,0
2,2019-01-02,2019,1,2,1,0,0
3,2019-01-03,2019,1,3,1,0,0
4,2019-01-04,2019,1,4,1,0,0
5,2019-01-05,2019,1,5,1,0,0
6,2019-01-06,2019,1,6,1,1,0
7,2019-01-07,2019,1,7,1,1,0
8,2019-01-08,2019,1,8,1,1,0
9,2019-01-09,2019,1,9,1,1,0
10,2019-01-10,2019,1,10,1,1,0
11,2019-01-11,2019,1,11,1,1,0
12,2019-01-12,2019,1,12,1,1,0
13,2019-01-13,2019,1,13,1,2,0
14,2019-01-14,2019,1,14,1,2,0
15,2019-01-15,2019,1,15,1,2,0
16,2019-01-16,2019,1,16,1,2,0
17,2019-01-17,2019,1,17,1,2,0
18,2019-01-18,2019,1,18,1,2,0
19,2019-01-19,2019,1,19,1,2,0
20,2019-01-20,2019,1,20,1,3,0
21,2019-01-21,2019,1,21,1,3,0
22,2019-01-22,2019,1,22,1,3,0
23,2019-01-23,2019,1,23,1,3,0
24,2019-01-24,2019,1,24,1,3,0
25,2019-01-25,2019,1,25,1,3,0
26,2019-01-26,2019,1,26,1,3,0
27,2019-01-27,2019,1,27,1,4,0
28,2019-01-28,2019,1,28,1,4,0
29,2019-01-29,2019,1,29,1,4,0
30,2019-01-30,2019,1,30,1,4,0
31,2019-01-31,2019,1,31,1,4,0
32,2019-02-01,2019,2,1,1,4,0
33,2019-02-02,2019,2,2,1,4,0
34,2019-02-03,2019,2,3,1,5,0
35,2019-02-04,2019,2,4,1,5,0
36,2019-02-05,2019,2,5,1,5,0
37,2019-02-06,2019,2,6,1,5,0
38,2019-02-07,2019,2,7,1,5,0
39,2019-02-08,2019,2,8,1,5,0
40,2019-02-09,2019,2,9,1,5,0
41,2019-02-10,2019,2,10,1,6,0
42,2019-02-11,2019,2,11,1,6,0
43,2019-02-12,2019,2,12,1,6,0
44,2019-02-13,2019,2,13,1,6,0
45,2019-02-14,2019,2,14,1,6,0
46,2019-02-15,2019,2,15,1,6,0
47,2019-02-16,2019,2,16,1,6,0
48,2019-02-17,2019,2,17,1,7,0
49,2019-02-18,2019,2,18,1,7,0
50,2019-02-19,2019,2,19,1,7,0
51,2019-02-20,2019,2,20,1,7,0
52,2019-02-21,2019,2,21,1,7,0
53,2019-02-22,2019,2,22,1,7,0
54,2019-02-23,2019,2,23,1,7,0
55,2019-02-24,2019,2,24,1,8,0
56,2019-02-25,2019,2,25,1,8,0
57,2019-02-26,2019,2,26,1,8,0
58,2019-02-27,2019,2,27,1,8,0
59,2019-02-28,2019,2,28,1,8,0
60,2019-03-01,2019,3,1,1,8,0
61,2019-03-02,2019,3,2,1,8,0
62,2019-03-03,2019,3,3,1,9,0
63,2019-03-04,2019,3,4,1,9,0
64,2019-03-05,2019,3,5,1,9,0
65,2019-03-06,2019,3,6,1,9,0
66,2019-03-07,2019,3,7,1,9,0
67,2019-03-08,2019,3,8,1,9,0
68,2019-03-09,2019,3,9,1,9,0
69,2019-03-10,2019,3,10,1,10,0
70,2019-03-11,2019,3,11,1,10,0
71,2019-03-12,2019,3,12,1,10,0
72,2019-03-13,2019,3,13,1,10,0
73,2019-03-14,2019,3,14,1,10,0
74,2019-03-15,2019,3,15,1,10,0
75,2019-03-16,2019,3,16,1,10,0
76,2019-03-17,2019,3,17,1,11,0
77,2019-03-18,2019,3,18,1,11,0
78,2019-03-19,2019,3,19,1,11,0
79,2019-03-20,2019,3,20,1,11,0
80,2019-03-21,2019,3,21,1,11,0
81,2019-03-22,2019,3,22,1,11,0
82,2019-03-23,2019,3,23,1,11,0
83,2019-03-24,2019,3,24,1,12,0
84,2019-03-25,2019,3,25,1,12,0
85,2019-03-26,2019,3,26,1,12,0
86,2019-03-27,2019,3,27,1,12,0
87,2019-03-28,2019,3,28,1,12,0
88,2019-03-29,2019,3,29,1,12,0
89,2019-03-30,2019,3,30,1,12,0
90,2019-03-31,2019,3,31,1,13,0
91,2019-04-01,2019,4,1,2,13,0
92,2019-04-02,2019,4,2,2,13,0
93,2019-04-03,2019,4,3,2,13,0
94,2019-04-04,2019,4,4,2,13,0
95,2019-04-05,2019,4,5,2,13,0
96,2019-04-06,2019,4,6,2,13,0
97,2019-04-07,2019,4,7,2,14,0
98,2019-04-08,2019,4,8,2,14,0
99,2019-04-09,2019,4,9,2,14,0
100,2019-04-10,2019,4,10,2,14,0
101,2019-04-11,2019,4,11,2,14,0
102,2019-04-12,2019,4,12,2,14,0
103,2019-04-13,2019,4,13,2,14,0
104,2019-04-14,2019,4,14,2,15,0
105,2019-04-15,2019,4,15,2,15,0
106,2019-04-16,2019,4,16,2,15,0
107,2019-04-17,2019,4,17,2,15,0
108,2019-04-18,2019,4,18,2,15,0
109,2019-04-19,2019,4,19,2,15,0
110,2019-04-20,2019,4,20,2,15,0
111,2019-04-21,2019,4,21,2,16,0
112,2019-04-22,2019,4,22,2,16,0
113,2019-04-23,2019,4,23,2,16,0
114,2019-04-24,2019,4,24,2,16,0
115,2019-04-25,2019,4,25,2,16,0
116,2019-04-26,2019,4,26,2,16,0
117,2019-04-27,2019,4,27,2,16,0
118,2019-04-28,2019,4,28,2,17,0
119,2019-04-29,2019,4,29,2,17,0
120,2019-04-30,2019,4,30,2,17,0
121,2019-05-01,2019,5,1,2,17,0
122,2019-05-02,2019,5,2,2,17,0
123,2019-05-03,2019,5,3,2,17,0
124,2019-05-04,2019,5,4,2,17,0
125,2019-05-05,2019,5,5,2,18,0
126,2019-05-06,2019,5,6,2,18,0
127,2019-05-07,2019,5,7,2,18,0
128,2019-05-08,2019,5,8,2,18,0
129,2019-05-09,2019,5,9,2,18,0
130,2019-05-10,2019,5,10,2,18,0
131,2019-05-11,2019,5,11,2,18,0
132,2019-05-12,2019,5,12,2,19,0
133,2019-05-13,2019,5,13,2,19,0
134,2019-05-14,2019,5,14,2,19,0
135,2019-05-15,2019,5,15,2,19,0
136,2019-05-16,2019,5,16,2,19,0
137,2019-05-17,2019,5,17,2,19,0
138,2019-05-18,2019,5,18,2,19,0
139,2019-05-19,2019,5,19,2,20,0
140,2019-05-20,2019,5,20,2,20,0
141,2019-05-21,2019,5,21,2,20,0
142,2019-05-22,2019,5,22,2,20,0
143,2019-05-23,2019,5,23,2,20,0
144,2019-05-24,2019,5,24,2,20,0
145,2019-05-25,2019,5,25,2,20,0
146,2019-05-26,2019,5,26,2,21,0
147,2019-05-27,2019,5,27,2,21,0
148,2019-05-28,2019,5,28,2,21,0
149,2019-05-29,2019,5,29,2,21,0
150,2019-05-30,2019,5,30,2,21,0
151,2019-05-31,2019,5,31,2,21,0
152,2019-06-01,2019,6,1,2,21,0
153,2019-06-02,2019,6,2,2,22,0
154,2019-06-03,2019,6,3,2,22,0
155,2019-06-04,2019,6,4,2,22,0
156,2019-06-05,2019,6,5,2,22,0
157,2019-06-06,2019,6,6,2,22,0
158,2019-06-07,2019,6,7,2,22,0
159,2019-06-08,2019,6,8,2,22,0
160,2019-06-09,2019,6,9,2,23,0
161,2019-06-10,2019,6,10,2,23,0
162,2019-06-11,2019,6,11,2,23,0
163,2019-06-12,2019,6,12,2,23,0
164,2019-06-13,2019,6,13,2,23,0
165,2019-06-14,2019,6,14,2,23,0
166,2019-06-15,2019,6,15,2,23,0
167,2019-06-16,2019,6,16,2,24,0
168,2019-06-17,2019,6,17,2,24,0
169,2019-06-18,2019,6,18,2,24,0
170,2019-06-19,2019,6,19,2,24,0
171,2019-06-20,2019,6,20,2,24,0
172,2019-06-21,2019,6,21,2,24,0
173,2019-06-22,2019,6,22,2,24,0
174,2019-06-23,2019,6,23,2,25,0
175,2019-06-24,2019,6,24,2,25,0
176,2019-06-25,2019,6,25,2,25,0
177,2019-06-26,2019,6,26,2,25,0
178,2019-06-27,2019,6,27,2,25,0
179,2019-06-28,2019,6,28,2,25,0
180,2019-06-29,2019,6,29,2,25,0
181,2019-06-30,2019,6,30,2,26,0
182,2019-07-01,2019,7,1,3,26,0
183,2019-07-02,2019,7,2,3,26,0
184,2019-07-03,2019,7,3,3,26,0
185,2019-07-04,2019,7,4,3,26,0
186,2019-07-05,2019,7,5,3,26,0
187,2019-07-06,2019,7,6,3,26,0
188,2019-07-07,2019,7,7,3,27,0
189,2019-07-08,2019,7,8,3,27,0
190,2019-07-09,2019,7,9,3,27,0
191,2019-07-10,2019,7,10,3,27,0
192,2019-07-11,2019,7,11,3,27,0
193,2019-07-12,2019,7,12,3,27,0
194,2019-07-13,2019,7,13,3,27,0
195,2019-07-14,2019,7,14,3,28,0
196,2019-07-15,2019,7,15,3,28,0
197,2019-07-16,2019,7,16,3,28,0
198,2019-07-17,2019,7,17,3,28,0
199,2019-07-18,2019,7,18,3,28,0
200,2019-07-19,2019,7,19,3,28,0
201,2019-07-20,2019,7,20,3,28,0
202,2019-07-21,2019,7,21,3,29,0
203,2019-07-22,2019,7,22,3,29,0
204,2019-07-23,2019,7,23,3,29,0
205,2019-07-24,2019,7,24,3,29,0
206,2019-07-25,2019,7,25,3,29,0
207,2019-07-26,2019,7,26,3,29,0
208,2019-07-27,2019,7,27,3,29,0
209,2019-07-28,2019,7,28,3,30,0
210,2019-07-29,2019,7,29,3,30,0
211,2019-07-30,2019,7,30,3,30,0
212,2019-07-31,2019,7,31,3,30,0
213,2019-08-01,2019,8,1,3,30,0
214,2019-08-02,2019,8,2,3,30,0
215,2019-08-03,2019,8,3,3,30,0
216,2019-08-04,2019,8,4,3,31,0
217,2019-08-05,2019,8,5,3,31,0
218,2019-08-06,2019,8,6,3,31,0
219,2019-08-07,2019,8,7,3,31,0
220,2019-08-08,2019,8,8,3,31,0
221,2019-08-09,2019,8,9,3,31,0
222,2019-08-10,2019,8,10,3,31,0
223,2019-08-11,2019,8,11,3,32,0
224,2019-08-12,2019,8,12,3,32,0
225,2019-08-13,2019,8,13,3,32,0
226,2019-08-14,2019,8,14,3,32,0
227,2019-08-15,2019,8,15,3,32,0
228,2019-08-16,2019,8,16,3,32,0
229,2019-08-17,2019,8,17,3,32,0
230,2019-08-18,2019,8,18,3,33,0
231,2019-08-19,2019,8,19,3,33,0
232,2019-08-20,2019,8,20,3,33,0
233,2019-08-21,2019,8,21,3,33,0
234,2019-08-22,2019,8,22,3,33,0
235,2019-08-23,2019,8,23,3,33,0
236,2019-08-24,2019,8,24,3,33,0
237,2019-08-25,2019,8,25,3,34,0
238,2019-08-26,2019,8,26,3,34,0
239,2019-08-27,2019,8,27,3,34,0
240,2019-08-28,2019,8,28,3,34,0
241,2019-08-29,2019,8,29,3,34,0
242,2019-08-30,2019,8,30,3,34,0
243,2019-08-31,2019,8,31,3,34,0
244,2019-09-01,2019,9,1,3,35,0
245,2019-09-02,2019,9,2,3,35,0
246,2019-09-03,2019,9,3,3,35,0
247,2019-09-04,2019,9,4,3,35,0
248,2019-09-05,2019,9,5,3,35,0
249,2019-09-06,2019,9,6,3,35,0
250,2019-09-07,2019,9,7,3,35,0
251,2019-09-08,2019,9,8,3,36,0
252,2019-09-09,2019,9,9,3,36,0
253,2019-09-10,2019,9,10,3,36,0
254,2019-09-11,2019,9,11,3,36,0
255,2019-09-12,2019,9,12,3,36,0
256,2019-09-13,2019,9,13,3,36,0
257,2019-09-14,2019,9,14,3,36,0
258,2019-09-15,2019,9,15,3,37,0
259,2019-09-16,2019,9,16,3,37,0
260,2019-09-17,2019,9,17,3,37,0
261,2019-09-18,2019,9,18,3,37,0
262,2019-09-19,2019,9,19,3,37,0
263,2019-09-20,2019,9,20,3,37,0
264,2019-09-21,2019,9,21,3,37,0
265,2019-09-22,2019,9,22,3,38,0
266,2019-09-23,2019,9,23,3,38,0
267,2019-09-24,2019,9,24,3,38,0
268,2019-09-25,2019,9,25,3,38,0
269,2019-09-26,2019,9,26,3,38,0
270,2019-09-27,2019,9,27,3,38,0
271,2019-09-28,2019,9,28,3,38,0
272,2019-09-29,2019,9,29,3,39,0
273,2019-09-30,2019,9,30,3,39,0
274,2019-10-01,2019,10,1,4,39,0
275,2019-10-02,2019,10,2,4,39,0
276,2019-10-03,2019,10,3,4,39,0
277,2019-10-04,2019,10,4,4,39,0
278,2019-10-05,2019,10,5,4,39,0
279,2019-10-06,2019,10,6,4,40,0
280,2019-10-07,2019,10,7,4,40,0
281,2019-10-08,2019,10,8,4,40,0
282,2019-10-09,2019,10,9,4,40,0
283,2019-10-10,2019,10,10,4,40,0
284,2019-10-11,2019,10,11,4,40,0
285,2019-10-12,2019,10,12,4,40,0
286,2019-10-13,2019,10,13,4,41,0
287,2019-10-14,2019,10,14,4,41,0
288,2019-10-15,2019,10,15,4,41,0
289,2019-10-16,2019,10,16,4,41,0
290,2019-10-17,2019,10,17,4,41,0
291,2019-10-18,2019,10,18,4,41,0
292,2019-10-19,2019,10,19,4,41,0
293,2019-10-20,2019,10,20,4,42,0
294,2019-10-21,2019,10,21,4,42,0
295,2019-10-22,2019,10,22,4,42,0
296,2019-10-23,2019,10,23,4,42,0
297,2019-10-24,2019,10,24,4,42,0
298,2019-10-25,2019,10,25,4,42,0
299,2019-10-26,2019,10,26,4,42,0
300,2019-10-27,2019,10,27,4,43,0
301,2019-10-28,2019,10,28,4,43,0
302,2019-10-29,2019,10,29,4,43,0
303,2019-10-30,2019,10,30,4,43,0
304,2019-10-31,2019,10,31,4,43,0
305,2019-11-01,2019,11,1,4,43,0
306,2019-11-02,2019,11,2,4,43,0
307,2019-11-03,2019,11,3,4,44,0
308,2019-11-04,2019,11,4,4,44,0
309,2019-11-05,2019,11,5,4,44,0
310,2019-11-06,2019,11,6,4,44,0
311,2019-11-07,2019,11,7,4,44,0
312,2019-11-08,2019,11,8,4,44,0
313,2019-11-09,2019,11,9,4,44,0
314,2019-11-10,2019,11,10,4,45,0
315,2019-11-11,2019,11,11,4,45,0
316,2019-11-12,2019,11,12,4,45,0
317,2019-11-13,2019,11,13,4,45,0
318,2019-11-14,2019,11,14,4,45,0
319,2019-11-15,2019,11,15,4,45,0
320,2019-11-16,2019,11,16,4,45,0
321,2019-11-17,2019,11,17,4,46,0
322,2019-11-18,2019,11,18,4,46,0
323,2019-11-19,2019,11,19,4,46,0
324,2019-11-20,2019,11,20,4,46,0
325,2019-11-21,2019,11,21,4,46,0
326,2019-11-22,2019,11,22,4,46,0
327,2019-11-23,2019,11,23,4,46,0
328,2019-11-24,2019,11,24,4,47,0
329,2019-11-25,2019,11,25,4,47,0
330,2019-11-26,2019,11,26,4,47,0
331,2019-11-27,2019,11,27,4,47,0
332,2019-11-28,2019,11,28,4,47,0
333,2019-11-29,2019,11,29,4,47,0
334,2019-11-30,2019,11,30,4,47,0
335,2019-12-01,2019,12,1,4,48,0
336,2019-12-02,2019,12,2,4,48,0
337,2019-12-03,2019,12,3,4,48,0
338,2019-12-04,2019,12,4,4,48,0
339,2019-12-05,2019,12,5,4,48,0
340,2019-12-06,2019,12,6,4,48,0
341,2019-12-07,2019,12,7,4,48,0
342,2019-12-08,2019,12,8,4,49,0
343,2019-12-09,2019,12,9,4,49,0
344,2019-12-10,2019,12,10,4,49,0
345,2019-12-11,2019,12,11,4,49,0
346,2019-12-12,2019,12,12,4,49,0
347,2019-12-13,2019,12,13,4,49,0
348,2019-12-14,2019,12,14,4,49,0
349,2019-12-15,2019,12,15,4,50,0
350,2019-12-16,2019,12,16,4,50,0
351,2019-12-17,2019,12,17,4,50,0
352,2019-12-18,2019,12,18,4,50,0
353,2019-12-19,2019,12,19,4,50,0
354,2019-12-20,2019,12,20,4,50,0
355,2019-12-21,2019,12,21,4,50,0
356,2019-12-22,2019,12,22,4,51,0
357,2019-12-23,2019,12,23,4,51,0
358,2019-12-24,2019,12,24,4,51,1
359,2019-12-25,2019,12,25,4,51,1
360,2019-12-26,2019,12,26,4,51,0
361,2019-12-27,2019,12,27,4,51,0
362,2019-12-28,2019,12,28,4,51,0
363,2019-12-29,2019,12,29,4,52,0
364,2019-12-30,2019,12,30,4,52,0
365,2019-12-31,2019,12,31,4,52,1
366,2020-01-01,2020,1,1,1,0,0
367,2020-01-02,2020,1,2,1,0,0
368,2020-01-03,2020,1,3,1,0,0
369,2020-01-04,2020,1,4,1,0,0
370,2020-01-05,2020,1,5,1,1,0
371,2020-01-06,2020,1,6,1,1,0
372,2020-01-07,2020,1,7,1,1,0
373,2020-01-08,2020,1,8,1,1,0
374,2020-01-09,2020,1,9,1,1,0
375,2020-01-10,2020,1,10,1,1,0
376,2020-01-11,2020,1,11,1,1,0
377,2020-01-12,2020,1,12,1,2,0
378,2020-01-13,2020,1,13,1,2,0
379,2020-01-14,2020,1,14,1,2,0
380,2020-01-15,2020,1,15,1,2,0
381,2020-01-16,2020,1,16,1,2,0
382,2020-01-17,2020,1,17,1,2,0
383,2020-01-18,2020,1,18,1,2,0
384,2020-01-19,2020,1,19,1,3,0
385,2020-01-20,2020,1,20,1,3,0
386,2020-01-21,2020,1,21,1,3,0
387,2020-01-22,2020,1,22,1,3,0
388,2020-01-23,2020,1,23,1,3,0
389,2020-01-24,2020,1,24,1,3,0
390,2020-01-25,2020,1,25,1,3,0
391,2020-01-26,2020,1,26,1,4,0
392,2020-01-27,2020,1,27,1,4,0
393,2020-01-28,2020,1,28,1,4,0
394,2020-01-29,2020,1,29,1,4,0
395,2020-01-30,2020,1,30,1,4,0
396,2020-01-31,2020,1,31,1,4,0
397,2020-02-01,2020,2,1,1,4,0
398,2020-02-02,2020,2,2,1,5,0
399,2020-02-03,2020,2,3,1,5,0
400,2020-02-04,2020,2,4,1,5,0
401,2020-02-05,2020,2,5,1,5,0
402,2020-02-06,2020,2,6,1,5,0
403,2020-02-07,2020,2,7,1,5,0
404,2020-02-08,2020,2,8,1,5,0
405,2020-02-09,2020,2,9,1,6,0
406,2020-02-10,2020,2,10,1,6,0
407,2020-02-11,2020,2,11,1,6,0
408,2020-02-12,2020,2,12,1,6,0
409,2020-02-13,2020,2,13,1,6,0
410,2020-02-14,2020,2,14,1,6,0
411,2020-02-15,2020,2,15,1,6,0
412,2020-02-16,2020,2,16,1,7,0
413,2020-02-17,2020,2,17,1,7,0
414,2020-02-18,2020,2,18,1,7,0
415,2020-02-19,2020,2,19,1,7,0
416,2020-02-20,2020,2,20,1,7,0
417,2020-02-21,2020,2,21,1,7,0
418,2020-02-22,2020,2,22,1,7,0
419,2020-02-23,2020,2,23,1,8,0
420,2020-02-24,2020,2,24,1,8,0
421,2020-02-25,2020,2,25,1,8,0
422,2020-02-26,2020,2,26,1,8,0
423,2020-02-27,2020,2,27,1,8,0
424,2020-02-28,2020,2,28,1,8,0
425,2020-02-29,2020,2,29,1,8,0
426,2020-03-01,2020,3,1,1,9,0
427,2020-03-02,2020,3,2,1,9,0
428,2020-03-03,2020,3,3,1,9,0
429,2020-03-04,2020,3,4,1,9,0
430,2020-03-05,2020,3,5,1,9,0
431,2020-03-06,2020,3,6,1,9,0
432,2020-03-07,2020,3,7,1,9,0
433,2020-03-08,2020,3,8,1,10,0
434,2020-03-09,2020,3,9,1,10,0
435,2020-03-10,2020,3,10,1,10,0
436,2020-03-11,2020,3,11,1,10,0
437,2020-03-12,2020,3,12,1,10,0
438,2020-03-13,2020,3,13,1,10,0
439,2020-03-14,2020,3,14,1,10,0
440,2020-03-15,2020,3,15,1,11,0
441,2020-03-16,2020,3,16,1,11,0
442,2020-03-17,2020,3,17,1,11,0
443,2020-03-18,2020,3,18,1,11,0
444,2020-03-19,2020,3,19,1,11,0
445,2020-03-20,2020,3,20,1,11,0
446,2020-03-21,2020,3,21,1,11,0
447,2020-03-22,2020,3,22,1,12,0
448,2020-03-23,2020,3,23,1,12,0
449,2020-03-24,2020,3,24,1,12,0
450,2020-03-25,2020,3,25,1,12,0
451,2020-03-26,2020,3,26,1,12,0
452,2020-03-27,2020,3,27,1,12,0
453,2020-03-28,2020,3,28,1,12,0
454,2020-03-29,2020,3,29,1,13,0
455,2020-03-30,2020,3,30,1,13,0
456,2020-03-31,2020,3,31,1,13,0
457,2020-04-01,2020,4,1,2,13,0
458,2020-04-02,2020,4,2,2,13,0
459,2020-04-03,2020,4,3,2,13,0
460,2020-04-04,2020,4,4,2,13,0
461,2020-04-05,2020,4,5,2,14,0
462,2020-04-06,2020,4,6,2,14,0
463,2020-04-07,2020,4,7,2,14,0
464,2020-04-08,2020,4,8,2,14,0
465,2020-04-09,2020,4,9,2,14,0
466,2020-04-10,2020,4,10,2,14,0
467,2020-04-11,2020,4,11,2,14,0
468,2020-04-12,2020,4,12,2,15,0
469,2020-04-13,2020,4,13,2,15,0
470,2020-04-14,2020,4,14,2,15,0
471,2020-04-15,2020,4,15,2,15,0
472,2020-04-16,2020,4,16,2,15,0
473,2020-04-17,2020,4,17,2,15,0
474,2020-04-18,2020,4,18,2,15,0
475,2020-04-19,2020,4,19,2,16,0
476,2020-04-20,2020,4,20,2,16,0
477,2020-04-21,2020,4,21,2,16,0
478,2020-04-22,2020,4,22,2,16,0
479,2020-04-23,2020,4,23,2,16,0
480,2020-04-24,2020,4,24,2,16,0
481,2020-04-25,2020,4,25,2,16,0
482,2020-04-26,2020,4,26,2,17,0
483,2020-04-27,2020,4,27,2,17,0
484,2020-04-28,2020,4,28,2,17,0
485,2020-04-29,2020,4,29,2,17,0
486,2020-04-30,2020,4,30,2,17,0
487,2020-05-01,2020,5,1,2,17,0
488,2020-05-02,2020,5,2,2,17,0
489,2020-05-03,2020,5,3,2,18,0
490,2020-05-04,2020,5,4,2,18,0
491,2020-05-05,2020,5,5,2,18,0
492,2020-05-06,2020,5,6,2,18,0
493,2020-05-07,2020,5,7,2,18,0
494,2020-05-08,2020,5,8,2,18,0
495,2020-05-09,2020,5,9,2,18,0
496,2020-05-10,2020,5,10,2,19,0
497,2020-05-11,2020,5,11,2,19,0
498,2020-05-12,2020,5,12,2,19,0
499,2020-05-13,2020,5,13,2,19,0
500,2020-05-14,2020,5,14,2,19,0
501,2020-05-15,2020,5,15,2,19,0
502,2020-05-16,2020,5,16,2,19,0
503,2020-05-17,2020,5,17,2,20,0
504,2020-05-18,2020,5,18,2,20,0
505,2020-05-19,2020,5,19,2,20,0
506,2020-05-20,2020,5,20,2,20,0
507,2020-05-21,2020,5,21,2,20,0
508,2020-05-22,2020,5,22,2,20,0
509,2020-05-23,2020,5,23,2,20,0
510,2020-05-24,2020,5,24,2,21,0
511,2020-05-25,2020,5,25,2,21,0
512,2020-05-26,2020,5,26,2,21,0
513,2020-05-27,2020,5,27,2,21,0
514,2020-05-28,2020,5,28,2,21,0
515,2020-05-29,2020,5,29,2,21,0
516,2020-05-30,2020,5,30,2,21,0
517,2020-05-31,2020,5,31,2,22,0
518,2020-06-01,2020,6,1,2,22,0
519,2020-06-02,2020,6,2,2,22,0
520,2020-06-03,2020,6,3,2,22,0
521,2020-06-04,2020,6,4,2,22,0
522,2020-06-05,2020,6,5,2,22,0
523,2020-06-06,2020,6,6,2,22,0
524,2020-06-07,2020,6,7,2,23,0
525,2020-06-08,2020,6,8,2,23,0
526,2020-06-09,2020,6,9,2,23,0
527,2020-06-10,2020,6,10,2,23,0
528,2020-06-11,2020,6,11,2,23,0
529,2020-06-12,2020,6,12,2,23,0
530,2020-06-13,2020,6,13,2,23,0
531,2020-06-14,2020,6,14,2,24,0
532,2020-06-15,2020,6,15,2,24,0
533,2020-06-16,2020,6,16,2,24,0
534,2020-06-17,2020,6,17,2,24,0
535,2020-06-18,2020,6,18,2,24,0
536,2020-06-19,2020,6,19,2,24,0
537,2020-06-20,2020,6,20,2,24,0
538,2020-06-21,2020,6,21,2,25,0
539,2020-06-22,2020,6,22,2,25,0
540,2020-06-23,2020,6,23,2,25,0
541,2020-06-24,2020,6,24,2,25,0
542,2020-06-25,2020,6,25,2,25,0
543,2020-06-26,2020,6,26,2,25,0
544,2020-06-27,2020,6,27,2,25,0
545,2020-06-28,2020,6,28,2,26,0
546,2020-06-29,2020,6,29,2,26,0
547,2020-06-30,2020,6,30,2,26,0
548,2020-07-01,2020,7,1,3,26,0
549,2020-07-02,2020,7,2,3,26,0
550,2020-07-03,2020,7,3,3,26,0
551,2020-07-04,2020,7,4,3,26,0
552,2020-07-05,2020,7,5,3,27,0
553,2020-07-06,2020,7,6,3,27,0
554,2020-07-07,2020,7,7,3,27,0
555,2020-07-08,2020,7,8,3,27,0
556,2020-07-09,2020,7,9,3,27,0
557,2020-07-10,2020,7,10,3,27,0
558,2020-07-11,2020,7,11,3,27,0
559,2020-07-12,2020,7,12,3,28,0
560,2020-07-13,2020,7,13,3,28,0
561,2020-07-14,2020,7,14,3,28,0
562,2020-07-15,2020,7,15,3,28,0
563,2020-07-16,2020,7,16,3,28,0
564,2020-07-17,2020,7,17,3,28,0
565,2020-07-18,2020,7,18,3,28,0
566,2020-07-19,2020,7,19,3,29,0
567,2020-07-20,2020,7,20,3,29,0
568,2020-07-21,2020,7,21,3,29,0
569,2020-07-22,2020,7,22,3,29,0
570,2020-07-23,2020,7,23,3,29,0
571,2020-07-24,2020,7,24,3,29,0
572,2020-07-25,2020,7,25,3,29,0
573,2020-07-26,2020,7,26,3,30,0
574,2020-07-27,2020,7,27,3,30,0
575,2020-07-28,2020,7,28,3,30,0
576,2020-07-29,2020,7,29,3,30,0
577,2020-07-30,2020,7,30,3,30,0
578,2020-07-31,2020,7,31,3,30,0
579,2020-08-01,2020,8,1,3,30,0
580,2020-08-02,2020,8,2,3,31,0
581,2020-08-03,2020,8,3,3,31,0
582,2020-08-04,2020,8,4,3,31,0
583,2020-08-05,2020,8,5,3,31,0
584,2020-08-06,2020,8,6,3,31,0
585,2020-08-07,2020,8,7,3,31,0
586,2020-08-08,2020,8,8,3,31,0
587,2020-08-09,2020,8,9,3,32,0
588,2020-08-10,2020,8,10,3,32,0
589,2020-08-11,2020,8,11,3,32,0
590,2020-08-12,2020,8,12,3,32,0
591,2020-08-13,2020,8,13,3,32,0
592,2020-08-14,2020,8,14,3,32,0
593,2020-08-15,2020,8,15,3,32,0
594,2020-08-16,2020,8,16,3,33,0
595,2020-08-17,2020,8,17,3,33,0
596,2020-08-18,2020,8,18,3,33,0
597,2020-08-19,2020,8,19,3,33,0
598,2020-08-20,2020,8,20,3,33,0
599,2020-08-21,2020,8,21,3,33,0
600,2020-08-22,2020,8,22,3,33,0
601,2020-08-23,2020,8,23,3,34,0
602,2020-08-24,2020,8,24,3,34,0
603,2020-08-25,2020,8,25,3,34,0
604,2020-08-26,2020,8,26,3,34,0
605,2020-08-27,2020,8,27,3,34,0
606,2020-08-28,2020,8,28,3,34,0
607,2020-08-29,2020,8,29,3,34,0
608,2020-08-30,2020,8,30,3,35,0
609,2020-08-31,2020,8,31,3,35,0
610,2020-09-01,2020,9,1,3,35,0
611,2020-09-02,2020,9,2,3,35,0
612,2020-09-03,2020,9,3,3,35,0
613,2020-09-04,2020,9,4,3,35,0
614,2020-09-05,2020,9,5,3,35,0
615,2020-09-06,2020,9,6,3,36,0
616,2020-09-07,2020,9,7,3,36,0
617,2020-09-08,2020,9,8,3,36,0
618,2020-09-09,2020,9,9,3,36,0
619,2020-09-10,2020,9,10,3,36,0
620,2020-09-11,2020,9,11,3,36,0
621,2020-09-12,2020,9,12,3,36,0
622,2020-09-13,2020,9,13,3,37,0
623,2020-09-14,2020,9,14,3,37,0
624,2020-09-15,2020,9,15,3,37,0
625,2020-09-16,2020,9,16,3,37,0
626,2020-09-17,2020,9,17,3,37,0
627,2020-09-18,2020,9,18,3,37,0
628,2020-09-19,2020,9,19,3,37,0
629,2020-09-20,2020,9,20,3,38,0
630,2020-09-21,2020,9,21,3,38,0
631,2020-09-22,2020,9,22,3,38,0
632,2020-09-23,2020,9,23,3,38,0
633,2020-09-24,2020,9,24,3,38,0
634,2020-09-25,2020,9,25,3,38,0
635,2020-09-26,2020,9,26,3,38,0
636,2020-09-27,2020,9,27,3,39,0
637,2020-09-28,2020,9,28,3,39,0
638,2020-09-29,2020,9,29,3,39,0
639,2020-09-30,2020,9,30,3,39,0
640,2020-10-01,2020,10,1,4,39,0
641,2020-10-02,2020,10,2,4,39,0
642,2020-10-03,2020,10,3,4,39,0
643,2020-10-04,2020,10,4,4,40,0
644,2020-10-05,2020,10,5,4,40,0
645,2020-10-06,2020,10,6,4,40,0
646,2020-10-07,2020,10,7,4,40,0
647,2020-10-08,2020,10,8,4,40,0
648,2020-10-09,2020,10,9,4,40,0
649,2020-10-10,2020,10,10,4,40,0
650,2020-10-11,2020,10,11,4,41,0
651,2020-10-12,2020,10,12,4,41,0
652,2020-10-13,2020,10,13,4,41,0
653,2020-10-14,2020,10,14,4,41,0
654,2020-10-15,2020,10,15,4,41,0
655,2020-10-16,2020,10,16,4,41,0
656,2020-10-17,2020,10,17,4,41,0
657,2020-10-18,2020,10,18,4,42,0
658,2020-10-19,2020,10,19,4,42,0
659,2020-10-20,2020,10,20,4,42,0
660,2020-10-21,2020,10,21,4,42,0
661,2020-10-22,2020,10,22,4,42,0
662,2020-10-23,2020,10,23,4,42,0
663,2020-10-24,2020,10,24,4,42,0
664,2020-10-25,2020,10,25,4,43,0
665,2020-10-26,2020,10,26,4,43,0
666,2020-10-27,2020,10,27,4,43,0
667,2020-10-28,2020,10,28,4,43,0
668,2020-10-29,2020,10,29,4,43,0
669,2020-10-30,2020,10,30,4,43,0
670,2020-10-31,2020,10,31,4,43,0
671,2020-11-01,2020,11,1,4,44,0
672,2020-11-02,2020,11,2,4,44,0
673,2020-11-03,2020,11,3,4,44,0
674,2020-11-04,2020,11,4,4,44,0
675,2020-11-05,2020,11,5,4,44,0
676,2020-11-06,2020,11,6,4,44,0
677,2020-11-07,2020,11,7,4,44,0
678,2020-11-08,2020,11,8,4,45,0
679,2020-11-09,2020,11,9,4,45,0
680,2020-11-10,2020,11,10,4,45,0
681,2020-11-11,2020,11,11,4,45,0
682,2020-11-12,2020,11,12,4,45,0
683,2020-11-13,2020,11,13,4,45,0
684,2020-11-14,2020,11,14,4,45,0
685,2020-11-15,2020,11,15,4,46,0
686,2020-11-16,2020,11,16,4,46,0
687,2020-11-17,2020,11,17,4,46,0
688,2020-11-18,2020,11,18,4,46,0
689,2020-11-19,2020,11,19,4,46,0
690,2020-11-20,2020,11,20,4,46,0
691,2020-11-21,2020,11,21,4,46,0
692,2020-11-22,2020,11,22,4,47,0
693,2020-11-23,2020,11,23,4,47,0
694,2020-11-24,2020,11,24,4,47,0
695,2020-11-25,2020,11,25,4,47,0
696,2020-11-26,2020,11,26,4,47,0
697,2020-11-27,2020,11,27,4,47,0
698,2020-11-28,2020,11,28,4,47,0
699,2020-11-29,2020,11,29,4,48,0
700,2020-11-30,2020,11,30,4,48,0
701,2020-12-01,2020,12,1,4,48,0
702,2020-12-02,2020,12,2,4,48,0
703,2020-12-03,2020,12,3,4,48,0
704,2020-12-04,2020,12,4,4,48,0
705,2020-12-05,2020,12,5,4,48,0
706,2020-12-06,2020,12,6,4,49,0
707,2020-12-07,2020,12,7,4,49,0
708,2020-12-08,2020,12,8,4,49,0
709,2020-12-09,2020,12,9,4,49,0
710,2020-12-10,2020,12,10,4,49,0
711,2020-12-11,2020,12,11,4,49,0
712,2020-12-12,2020,12,12,4,49,0
713,2020-12-13,2020,12,13,4,50,0
714,2020-12-14,2020,12,14,4,50,0
715,2020-12-15,2020,12,15,4,50,0
716,2020-12-16,2020,12,16,4,50,0
717,2020-12-17,2020,12,17,4,50,0
718,2020-12-18,2020,12,18,4,50,0
719,2020-12-19,2020,12,19,4,50,0
720,2020-12-20,2020,12,20,4,51,0
721,2020-12-21,2020,12,21,4,51,0
722,2020-12-22,2020,12,22,4,51,0
723,2020-12-23,2020,12,23,4,51,0
724,2020-12-24,2020,12,24,4,51,1
725,2020-12-25,2020,12,25,4,51,1
726,2020-12-26,2020,12,26,4,51,0
727,2020-12-27,2020,12,27,4,52,0
728,2020-12-28,2020,12,28,4,52,0
729,2020-12-29,2020,12,29,4,52,0
730,2020-12-30,2020,12,30,4,52,0
731,2020-12-31,2020,12,31,4,52,1
732,2021-01-01,2021,1,1,1,0,0
733,2021-01-02,2021,1,2,1,0,0
734,2021-01-03,2021,1,3,1,1,0
735,2021-01-04,2021,1,4,1,1,0
736,2021-01-05,2021,1,5,1,1,0
737,2021-01-06,2021,1,6,1,1,0
738,2021-01-07,2021,1,7,1,1,0
739,2021-01-08,2021,1,8,1,1,0
740,2021-01-09,2021,1,9,1,1,0
741,2021-01-10,2021,1,10,1,2,0
742,2021-01-11,2021,1,11,1,2,0
743,2021-01-12,2021,1,12,1,2,0
744,2021-01-13,2021,1,13,1,2,0
745,2021-01-14,2021,1,14,1,2,0
746,2021-01-15,2021,1,15,1,2,0
747,2021-01-16,2021,1,16,1,2,0
748,2021-01-17,2021,1,17,1,3,0
749,2021-01-18,2021,1,18,1,3,0
750,2021-01-19,2021,1,19,1,3,0
751,2021-01-20,2021,1,20,1,3,0
752,2021-01-21,2021,1,21,1,3,0
753,2021-01-22,2021,1,22,1,3,0
754,2021-01-23,2021,1,23,1,3,0
755,2021-01-24,2021,1,24,1,4,0
756,2021-01-25,2021,1,25,1,4,0
757,2021-01-26,2021,1,26,1,4,0
758,2021-01-27,2021,1,27,1,4,0
759,2021-01-28,2021,1,28,1,4,0
760,2021-01-29,2021,1,29,1,4,0
761,2021-01-30,2021,1,30,1,4,0
762,2021-01-31,2021,1,31,1,5,0
763,2021-02-01,2021,2,1,1,5,0
764,2021-02-02,2021,2,2,1,5,0
765,2021-02-03,2021,2,3,1,5,0
766,2021-02-04,2021,2,4,1,5,0
767,2021-02-05,2021,2,5,1,5,0
768,2021-02-06,2021,2,6,1,5,0
769,2021-02-07,2021,2,7,1,6,0
770,2021-02-08,2021,2,8,1,6,0
771,2021-02-09,2021,2,9,1,6,0
772,2021-02-10,2021,2,10,1,6,0
773,2021-02-11,2021,2,11,1,6,0
774,2021-02-12,2021,2,12,1,6,0
775,2021-02-13,2021,2,13,1,6,0
776,2021-02-14,2021,2,14,1,7,0
777,2021-02-15,2021,2,15,1,7,0
778,2021-02-16,2021,2,16,1,7,0
779,2021-02-17,2021,2,17,1,7,0
780,2021-02-18,2021,2,18,1,7,0
781,2021-02-19,2021,2,19,1,7,0
782,2021-02-20,2021,2,20,1,7,0
783,2021-02-21,2021,2,21,1,8,0
784,2021-02-22,2021,2,22,1,8,0
785,2021-02-23,2021,2,23,1,8,0
786,2021-02-24,2021,2,24,1,8,0
787,2021-02-25,2021,2,25,1,8,0
788,2021-02-26,2021,2,26,1,8,0
789,2021-02-27,2021,2,27,1,8,0
790,2021-02-28,2021,2,28,1,9,0
791,2021-03-01,2021,3,1,1,9,0
792,2021-03-02,2021,3,2,1,9,0
793,2021-03-03,2021,3,3,1,9,0
794,2021-03-04,2021,3,4,1,9,0
795,2021-03-05,2021,3,5,1,9,0
796,2021-03-06,2021,3,6,1,9,0
797,2021-03-07,2021,3,7,1,10,0
798,2021-03-08,2021,3,8,1,10,0
799,2021-03-09,2021,3,9,1,10,0
800,2021-03-10,2021,3,10,1,10,0
801,2021-03-11,2021,3,11,1,10,0
802,2021-03-12,2021,3,12,1,10,0
803,2021-03-13,2021,3,13,1,10,0
804,2021-03-14,2021,3,14,1,11,0
805,2021-03-15,2021,3,15,1,11,0
806,2021-03-16,2021,3,16,1,11,0
807,2021-03-17,2021,3,17,1,11,0
808,2021-03-18,2021,3,18,1,11,0
809,2021-03-19,2021,3,19,1,11,0
810,2021-03-20,2021,3,20,1,11,0
811,2021-03-21,2021,3,21,1,12,0
812,2021-03-22,2021,3,22,1,12,0
813,2021-03-23,2021,3,23,1,12,0
814,2021-03-24,2021,3,24,1,12,0
815,2021-03-25,2021,3,25,1,12,0
816,2021-03-26,2021,3,26,1,12,0
817,2021-03-27,2021,3,27,1,12,0
818,2021-03-28,2021,3,28,1,13,0
819,2021-03-29,2021,3,29,1,13,0
820,2021-03-30,2021,3,30,1,13,0
821,2021-03-31,2021,3,31,1,13,0
822,2021-04-01,2021,4,1,2,13,0
823,2021-04-02,2021,4,2,2,13,0
824,2021-04-03,2021,4,3,2,13,0
825,2021-04-04,2021,4,4,2,14,0
826,2021-04-05,2021,4,5,2,14,0
827,2021-04-06,2021,4,6,2,14,0
828,2021-04-07,2021,4,7,2,14,0
829,2021-04-08,2021,4,8,2,14,0
830,2021-04-09,2021,4,9,2,14,0
831,2021-04-10,2021,4,10,2,14,0
832,2021-04-11,2021,4,11,2,15,0
833,2021-04-12,2021,4,12,2,15,0
834,2021-04-13,2021,4,13,2,15,0
835,2021-04-14,2021,4,14,2,15,0
836,2021-04-15,2021,4,15,2,15,0
837,2021-04-16,2021,4,16,2,15,0
838,2021-04-17,2021,4,17,2,15,0
839,2021-04-18,2021,4,18,2,16,0
840,2021-04-19,2021,4,19,2,16,0
841,2021-04-20,2021,4,20,2,16,0
842,2021-04-21,2021,4,21,2,16,0
843,2021-04-22,2021,4,22,2,16,0
844,2021-04-23,2021,4,23,2,16,0
845,2021-04-24,2021,4,24,2,16,0
846,2021-04-25,2021,4,25,2,17,0
847,2021-04-26,2021,4,26,2,17,0
848,2021-04-27,2021,4,27,2,17,0
849,2021-04-28,2021,4,28,2,17,0
850,2021-04-29,2021,4,29,2,17,0
851,2021-04-30,2021,4,30,2,17,0
852,2021-05-01,2021,5,1,2,17,0
853,2021-05-02,2021,5,2,2,18,0
854,2021-05-03,2021,5,3,2,18,0
855,2021-05-04,2021,5,4,2,18,0
856,2021-05-05,2021,5,5,2,18,0
857,2021-05-06,2021,5,6,2,18,0
858,2021-05-07,2021,5,7,2,18,0
859,2021-05-08,2021,5,8,2,18,0
860,2021-05-09,2021,5,9,2,19,0
861,2021-05-10,2021,5,10,2,19,0
862,2021-05-11,2021,5,11,2,19,0
863,2021-05-12,2021,5,12,2,19,0
864,2021-05-13,2021,5,13,2,19,0
865,2021-05-14,2021,5,14,2,19,0
866,2021-05-15,2021,5,15,2,19,0
867,2021-05-16,2021,5,16,2,20,0
868,2021-05-17,2021,5,17,2,20,0
869,2021-05-18,2021,5,18,2,20,0
870,2021-05-19,2021,5,19,2,20,0
871,2021-05-20,2021,5,20,2,20,0
872,2021-05-21,2021,5,21,2,20,0
873,2021-05-22,2021,5,22,2,20,0
874,2021-05-23,2021,5,23,2,21,0
875,2021-05-24,2021,5,24,2,21,0
876,2021-05-25,2021,5,25,2,21,0
877,2021-05-26,2021,5,26,2,21,0
878,2021-05-27,2021,5,27,2,21,0
879,2021-05-28,2021,5,28,2,21,0
880,2021-05-29,2021,5,29,2,21,0
881,2021-05-30,2021,5,30,2,22,0
882,2021-05-31,2021,5,31,2,22,0
883,2021-06-01,2021,6,1,2,22,0
884,2021-06-02,2021,6,2,2,22,0
885,2021-06-03,2021,6,3,2,22,0
886,2021-06-04,2021,6,4,2,22,0
887,2021-06-05,2021,6,5,2,22,0
888,2021-06-06,2021,6,6,2,23,0
889,2021-06-07,2021,6,7,2,23,0
890,2021-06-08,2021,6,8,2,23,0
891,2021-06-09,2021,6,9,2,23,0
892,2021-06-10,2021,6,10,2,23,0
893,2021-06-11,2021,6,11,2,23,0
894,2021-06-12,2021,6,12,2,23,0
895,2021-06-13,2021,6,13,2,24,0
896,2021-06-14,2021,6,14,2,24,0
897,2021-06-15,2021,6,15,2,24,0
898,2021-06-16,2021,6,16,2,24,0
899,2021-06-17,2021,6,17,2,24,0
900,2021-06-18,2021,6,18,2,24,0
901,2021-06-19,2021,6,19,2,24,0
902,2021-06-20,2021,6,20,2,25,0
903,2021-06-21,2021,6,21,2,25,0
904,2021-06-22,2021,6,22,2,25,0
905,2021-06-23,2021,6,23,2,25,0
906,2021-06-24,2021,6,24,2,25,0
907,2021-06-25,2021,6,25,2,25,0
908,2021-06-26,2021,6,26,2,25,0
909,2021-06-27,2021,6,27,2,26,0
910,2021-06-28,2021,6,28,2,26,0
911,2021-06-29,2021,6,29,2,26,0
912,2021-06-30,2021,6,30,2,26,0
913,2021-07-01,2021,7,1,3,26,0
914,2021-07-02,2021,7,2,3,26,0
915,2021-07-03,2021,7,3,3,26,0
916,2021-07-04,2021,7,4,3,27,0
917,2021-07-05,2021,7,5,3,27,0
918,2021-07-06,2021,7,6,3,27,0
919,2021-07-07,2021,7,7,3,27,0
920,2021-07-08,2021,7,8,3,27,0
921,2021-07-09,2021,7,9,3,27,0
922,2021-07-10,2021,7,10,3,27,0
923,2021-07-11,2021,7,11,3,28,0
924,2021-07-12,2021,7,12,3,28,0
925,2021-07-13,2021,7,13,3,28,0
926,2021-07-14,2021,7,14,3,28,0
927,2021-07-15,2021,7,15,3,28,0
928,2021-07-16,2021,7,16,3,28,0
929,2021-07-17,2021,7,17,3,28,0
930,2021-07-18,2021,7,18,3,29,0
931,2021-07-19,2021,7,19,3,29,0
932,2021-07-20,2021,7,20,3,29,0
933,2021-07-21,2021,7,21,3,29,0
934,2021-07-22,2021,7,22,3,29,0
935,2021-07-23,2021,7,23,3,29,0
936,2021-07-24,2021,7,24,3,29,0
937,2021-07-25,2021,7,25,3,30,0
938,2021-07-26,2021,7,26,3,30,0
939,2021-07-27,2021,7,27,3,30,0
940,2021-07-28,2021,7,28,3,30,0
941,2021-07-29,2021,7,29,3,30,0
942,2021-07-30,2021,7,30,3,30,0
943,2021-07-31,2021,7,31,3,30,0
944,2021-08-01,2021,8,1,3,31,0
945,2021-08-02,2021,8,2,3,31,0
946,2021-08-03,2021,8,3,3,31,0
947,2021-08-04,2021,8,4,3,31,0
948,2021-08-05,2021,8,5,3,31,0
949,2021-08-06,2021,8,6,3,31,0
950,2021-08-07,2021,8,7,3,31,0
951,2021-08-08,2021,8,8,3,32,0
952,2021-08-09,2021,8,9,3,32,0
953,2021-08-10,2021,8,10,3,32,0
954,2021-08-11,2021,8,11,3,32,0
955,2021-08-12,2021,8,12,3,32,0
956,2021-08-13,2021,8,13,3,32,0
957,2021-08-14,2021,8,14,3,32,0
958,2021-08-15,2021,8,15,3,33,0
959,2021-08-16,2021,8,16,3,33,0
960,2021-08-17,2021,8,17,3,33,0
961,2021-08-18,2021,8,18,3,33,0
962,2021-08-19,2021,8,19,3,33,0
963,2021-08-20,2021,8,20,3,33,0
964,2021-08-21,2021,8,21,3,33,0
965,2021-08-22,2021,8,22,3,34,0
966,2021-08-23,2021,8,23,3,34,0
967,2021-08-24,2021,8,24,3,34,0
968,2021-08-25,2021,8,25,3,34,0
969,2021-08-26,2021,8,26,3,34,0
970,2021-08-27,2021,8,27,3,34,0
971,2021-08-28,2021,8,28,3,34,0
972,2021-08-29,2021,8,29,3,35,0
973,2021-08-30,2021,8,30,3,35,0
974,2021-08-31,2021,8,31,3,35,0
975,2021-09-01,2021,9,1,3,35,0
976,2021-09-02,2021,9,2,3,35,0
977,2021-09-03,2021,9,3,3,35,0
978,2021-09-04,2021,9,4,3,35,0
979,2021-09-05,2021,9,5,3,36,0
980,2021-09-06,2021,9,6,3,36,0
981,2021-09-07,2021,9,7,3,36,0
982,2021-09-08,2021,9,8,3,36,0
983,2021-09-09,2021,9,9,3,36,0
984,2021-09-10,2021,9,10,3,36,0
985,2021-09-11,2021,9,11,3,36,0
986,2021-09-12,2021,9,12,3,37,0
987,2021-09-13,2021,9,13,3,37,0
988,2021-09-14,2021,9,14,3,37,0
989,2021-09-15,2021,9,15,3,37,0
990,2021-09-16,2021,9,16,3,37,0
991,2021-09-17,2021,9,17,3,37,0
992,2021-09-18,2021,9,18,3,37,0
993,2021-09-19,2021,9,19,3,38,0
994,2021-09-20,2021,9,20,3,38,0
995,2021-09-21,2021,9,21,3,38,0
996,2021-09-22,2021,9,22,3,38,0
997,2021-09-23,2021,9,23,3,38,0
998,2021-09-24,2021,9,24,3,38,0
999,2021-09-25,2021,9,25,3,38,0
1000,2021-09-26,2021,9,26,3,39,0
1001,2021-09-27,2021,9,27,3,39,0
1002,2021-09-28,2021,9,28,3,39,0
1003,2021-09-29,2021,9,29,3,39,0
1004,2021-09-30,2021,9,30,3,39,0
1005,2021-10-01,2021,10,1,4,39,0
1006,2021-10-02,2021,10,2,4,39,0
1007,2021-10-03,2021,10,3,4,40,0
1008,2021-10-04,2021,10,4,4,40,0
1009,2021-10-05,2021,10,5,4,40,0
1010,2021-10-06,2021,10,6,4,40,0
1011,2021-10-07,2021,10,7,4,40,0
1012,2021-10-08,2021,10,8,4,40,0
1013,2021-10-09,2021,10,9,4,40,0
1014,2021-10-10,2021,10,10,4,41,0
1015,2021-10-11,2021,10,11,4,41,0
1016,2021-10-12,2021,10,12,4,41,0
1017,2021-10-13,2021,10,13,4,41,0
1018,2021-10-14,2021,10,14,4,41,0
1019,2021-10-15,2021,10,15,4,41,0
1020,2021-10-16,2021,10,16,4,41,0
1021,2021-10-17,2021,10,17,4,42,0
1022,2021-10-18,2021,10,18,4,42,0
1023,2021-10-19,2021,10,19,4,42,0
1024,2021-10-20,2021,10,20,4,42,0
1025,2021-10-21,2021,10,21,4,42,0
1026,2021-10-22,2021,10,22,4,42,0
1027,2021-10-23,2021,10,23,4,42,0
1028,2021-10-24,2021,10,24,4,43,0
1029,2021-10-25,2021,10,25,4,43,0
1030,2021-10-26,2021,10,26,4,43,0
1031,2021-10-27,2021,10,27,4,43,0
1032,2021-10-28,2021,10,28,4,43,0
1033,2021-10-29,2021,10,29,4,43,0
1034,2021-10-30,2021,10,30,4,43,0
1035,2021-10-31,2021,10,31,4,44,0
1036,2021-11-01,2021,11,1,4,44,0
1037,2021-11-02,2021,11,2,4,44,0
1038,2021-11-03,2021,11,3,4,44,0
1039,2021-11-04,2021,11,4,4,44,0
1040,2021-11-05,2021,11,5,4,44,0
1041,2021-11-06,2021,11,6,4,44,0
1042,2021-11-07,2021,11,7,4,45,0
1043,2021-11-08,2021,11,8,4,45,0
1044,2021-11-09,2021,11,9,4,45,0
1045,2021-11-10,2021,11,10,4,45,0
1046,2021-11-11,2021,11,11,4,45,0
1047,2021-11-12,2021,11,12,4,45,0
1048,2021-11-13,2021,11,13,4,45,0
1049,2021-11-14,2021,11,14,4,46,0
1050,2021-11-15,2021,11,15,4,46,0
1051,2021-11-16,2021,11,16,4,46,0
1052,2021-11-17,2021,11,17,4,46,0
1053,2021-11-18,2021,11,18,4,46,0
1054,2021-11-19,2021,11,19,4,46,0
1055,2021-11-20,2021,11,20,4,46,0
1056,2021-11-21,2021,11,21,4,47,0
1057,2021-11-22,2021,11,22,4,47,0
1058,2021-11-23,2021,11,23,4,47,0
1059,2021-11-24,2021,11,24,4,47,0
1060,2021-11-25,2021,11,25,4,47,0
1061,2021-11-26,2021,11,26,4,47,0
1062,2021-11-27,2021,11,27,4,47,0
1063,2021-11-28,2021,11,28,4,48,0
1064,2021-11-29,2021,11,29,4,48,0
1065,2021-11-30,2021,11,30,4,48,0
1066,2021-12-01,2021,12,1,4,48,0
1067,2021-12-02,2021,12,2,4,48,0
1068,2021-12-03,2021,12,3,4,48,0
1069,2021-12-04,2021,12,4,4,48,0
1070,2021-12-05,2021,12,5,4,49,0
1071,2021-12-06,2021,12,6,4,49,0
1072,2021-12-07,2021,12,7,4,49,0
1073,2021-12-08,2021,12,8,4,49,0
1074,2021-12-09,2021,12,9,4,49,0
1075,2021-12-10,2021,12,10,4,49,0
1076,2021-12-11,2021,12,11,4,49,0
1077,2021-12-12,2021,12,12,4,50,0
1078,2021-12-13,2021,12,13,4,50,0
1079,2021-12-14,2021,12,14,4,50,0
1080,2021-12-15,2021,12,15,4,50,0
1081,2021-12-16,2021,12,16,4,50,0
1082,2021-12-17,2021,12,17,4,50,0
1083,2021-12-18,2021,12,18,4,50,0
1084,2021-12-19,2021,12,19,4,51,0
1085,2021-12-20,2021,12,20,4,51,0
1086,2021-12-21,2021,12,21,4,51,0
1087,2021-12-22,2021,12,22,4,51,0
1088,2021-12-23,2021,12,23,4,51,0
1089,2021-12-24,2021,12,24,4,51,1
1090,2021-12-25,2021,12,25,4,51,1
1091,2021-12-26,2021,12,26,4,52,0
1092,2021-12-27,2021,12,27,4,52,0
1093,2021-12-28,2021,12,28,4,52,0
1094,2021-12-29,2021,12,29,4,52,0
1095,2021-12-30,2021,12,30,4,52,0
1096,2021-12-31,2021,12,31,4,52,1
